state,year,total
ACT,1924,7
ACT,1925,457
ACT,1926,4505
ACT,1927,12068
ACT,1928,27631
ACT,1929,28480
ACT,1930,28393
ACT,1931,25582
ACT,1932,24668
ACT,1933,23362
ACT,1934,23425
ACT,1935,21861
ACT,1936,20446
ACT,1937,23521
ACT,1938,22398
ACT,1939,25782
ACT,1940,25021
ACT,1941,23440
ACT,1942,24680
ACT,1943,23392
ACT,1944,22386
ACT,1945,24117
ACT,1946,28498
ACT,1947,30053
ACT,1948,30702
ACT,1949,28692
ACT,1950,26609
ACT,1951,26228
ACT,1952,27242
ACT,1953,26697
ACT,1954,22901
ACT,1955,22341
ACT,1956,26211
ACT,1957,29905
ACT,1958,33856
ACT,1959,34475
ACT,1960,34189
ACT,1961,37946
ACT,1962,41999
ACT,1963,53669
ACT,1964,60285
ACT,1965,65102
ACT,1966,64315
ACT,1967,63222
ACT,1968,64259
ACT,1969,65826
ACT,1970,64189
ACT,1971,66765
ACT,1972,61694
ACT,1973,59528
ACT,1974,61443
ACT,1975,58575
ACT,1976,60360
ACT,1977,62319
ACT,1978,68391
ACT,1979,75396
ACT,1980,73349
ACT,1981,73070
ACT,1982,76880
ACT,1983,69246
ACT,1984,74120
ACT,1985,78702
ACT,1986,77160
ACT,1987,74870
ACT,1988,83171
ACT,1989,82512
ACT,1990,81543
ACT,1991,85022
ACT,1992,82242
ACT,1993,81020
ACT,1994,78559
ACT,1995,80121
ACT,1996,839
ACT,1997,838
ACT,1998,770
ACT,1999,99
ACT,2000,0
ACT,2001,129
ACT,2002,667
ACT,2003,742
ACT,2004,675
ACT,2005,478
ACT,2006,398
ACT,2007,271
International,1837,39
International,1838,222
International,1839,355
International,1840,2226
International,1841,83
International,1842,0
International,1843,0
International,1844,0
International,1845,0
International,1846,0
International,1847,0
International,1848,0
International,1849,0
International,1850,0
International,1851,0
International,1852,0
International,1853,0
International,1854,0
International,1855,0
International,1856,0
International,1857,0
International,1858,0
International,1859,0
International,1860,0
International,1861,0
International,1862,0
International,1863,0
International,1864,0
International,1865,441
International,1866,1200
International,1867,28
International,1868,0
International,1869,0
International,1870,0
International,1871,0
International,1872,0
International,1873,0
International,1874,0
International,1875,0
International,1876,0
International,1877,0
International,1878,0
International,1879,0
International,1880,0
International,1881,0
International,1882,0
International,1883,0
International,1884,0
International,1885,0
International,1886,0
International,1887,0
International,1888,0
International,1889,0
International,1890,0
International,1891,0
International,1892,0
International,1893,0
International,1894,0
International,1895,0
International,1896,0
International,1897,0
International,1898,0
International,1899,0
International,1900,0
International,1901,0
International,1902,0
International,1903,0
International,1904,0
International,1905,0
International,1906,0
International,1907,0
International,1908,0
International,1909,0
International,1910,0
International,1911,1034
International,1912,1262
International,1913,1955
International,1914,1719
International,1915,1659
International,1916,1101
International,1917,1328
International,1918,1495
International,1919,1134
International,1920,1387
International,1921,132
International,1922,0
International,1923,0
International,1924,0
International,1925,1191
International,1926,1968
International,1927,2704
International,1928,2780
International,1929,2816
International,1930,2708
International,1931,2696
International,1932,24952
International,1933,34344
International,1934,34878
International,1935,24460
International,1936,36541
International,1937,37469
International,1938,34590
International,1939,22237
International,1940,26161
International,1941,17178
International,1942,19164
International,1943,37618
International,1944,29748
International,1945,15361
International,1946,393
International,1947,0
International,1948,0
International,1949,0
International,1950,0
International,1951,767
International,1952,690
International,1953,803
International,1954,703
International,1955,0
International,1956,0
International,1957,0
International,1958,0
International,1959,0
International,1960,0
International,1961,0
International,1962,0
International,1963,0
International,1964,0
International,1965,0
International,1966,0
International,1967,0
International,1968,0
International,1969,20522
International,1970,38487
International,1971,36992
International,1972,37492
International,1973,38043
International,1974,32394
International,1975,31164
International,1976,32249
International,1977,33365
International,1978,34129
International,1979,35319
International,1980,35021
International,1981,15125
National,1933,6540
National,1934,11280
National,1935,11895
National,1936,12304
National,1937,10646
National,1938,10268
National,1939,10081
National,1940,8642
National,1941,8921
National,1942,4722
National,1943,3951
National,1944,4525
National,1945,5215
National,1946,5764
National,1947,6276
National,1948,4991
National,1949,7080
National,1950,8577
National,1951,7589
National,1952,7170
National,1953,7272
National,1954,8106
National,1955,8463
National,1956,8763
National,1957,8100
National,1958,8150
National,1959,9396
National,1960,11104
National,1961,10839
National,1962,10551
National,1963,9997
National,1964,10178
National,1965,10160
National,1966,10050
National,1967,9718
National,1968,11020
National,1969,11058
National,1970,10790
National,1971,10184
National,1972,9875
National,1973,9380
National,1974,9066
National,1975,9561
National,1976,8729
National,1977,9203
National,1978,9712
National,1979,9795
National,1980,10850
National,1981,11188
National,1982,11190
National,1983,3934
National,1984,4016
National,1985,2297
National,1986,3529
National,1987,2295
National,1988,2287
National,1989,2382
National,1990,833
National,1991,2200
National,1992,2161
National,1993,2228
National,1994,2345
National,1995,2664
National,1996,2671
National,1997,724
National,1998,1085
National,1999,1415
National,2000,1344
National,2001,3661
National,2002,4417
National,2003,1767
National,2004,1751
National,2005,1688
National,2006,5180
National,2007,3608
National,2008,1455
National,2009,3588
National,2010,3857
National,2011,1741
National,2012,1510
National,2013,1453
National,2014,1586
National,2015,1596
National,2016,1422
National,2017,1094
National,2018,1100
National,2019,1153
New South Wales,1803,526
New South Wales,1804,619
New South Wales,1805,430
New South Wales,1806,367
New South Wales,1807,134
New South Wales,1808,155
New South Wales,1809,237
New South Wales,1810,269
New South Wales,1811,228
New South Wales,1812,208
New South Wales,1813,234
New South Wales,1814,201
New South Wales,1815,226
New South Wales,1816,485
New South Wales,1817,685
New South Wales,1818,789
New South Wales,1819,717
New South Wales,1820,815
New South Wales,1821,739
New South Wales,1822,821
New South Wales,1823,957
New South Wales,1824,1212
New South Wales,1825,2157
New South Wales,1826,3863
New South Wales,1827,5281
New South Wales,1828,5055
New South Wales,1829,6505
New South Wales,1830,5706
New South Wales,1831,6686
New South Wales,1832,9494
New South Wales,1833,8999
New South Wales,1834,11211
New South Wales,1835,13117
New South Wales,1836,14456
New South Wales,1837,15094
New South Wales,1838,16301
New South Wales,1839,20008
New South Wales,1840,23187
New South Wales,1841,24144
New South Wales,1842,22953
New South Wales,1843,21118
New South Wales,1844,25918
New South Wales,1845,24629
New South Wales,1846,21481
New South Wales,1847,22784
New South Wales,1848,22885
New South Wales,1849,17807
New South Wales,1850,20023
New South Wales,1851,31646
New South Wales,1852,33855
New South Wales,1853,34184
New South Wales,1854,38839
New South Wales,1855,46292
New South Wales,1856,54209
New South Wales,1857,57032
New South Wales,1858,52830
New South Wales,1859,55756
New South Wales,1860,69382
New South Wales,1861,71834
New South Wales,1862,68006
New South Wales,1863,67298
New South Wales,1864,71200
New South Wales,1865,76636
New South Wales,1866,77792
New South Wales,1867,75933
New South Wales,1868,77088
New South Wales,1869,83745
New South Wales,1870,102784
New South Wales,1871,102461
New South Wales,1872,115545
New South Wales,1873,115422
New South Wales,1874,126257
New South Wales,1875,128565
New South Wales,1876,129067
New South Wales,1877,130841
New South Wales,1878,146450
New South Wales,1879,174039
New South Wales,1880,181218
New South Wales,1881,190918
New South Wales,1882,195908
New South Wales,1883,204251
New South Wales,1884,242997
New South Wales,1885,271927
New South Wales,1886,299839
New South Wales,1887,301176
New South Wales,1888,354227
New South Wales,1889,405993
New South Wales,1890,458230
New South Wales,1891,481990
New South Wales,1892,503633
New South Wales,1893,514481
New South Wales,1894,549404
New South Wales,1895,596030
New South Wales,1896,618623
New South Wales,1897,611287
New South Wales,1898,715913
New South Wales,1899,864559
New South Wales,1900,938855
New South Wales,1901,970618
New South Wales,1902,1008928
New South Wales,1903,1008653
New South Wales,1904,1055142
New South Wales,1905,1083482
New South Wales,1906,1127354
New South Wales,1907,1183344
New South Wales,1908,1124316
New South Wales,1909,1173178
New South Wales,1910,1232240
New South Wales,1911,1374005
New South Wales,1912,1436741
New South Wales,1913,1462152
New South Wales,1914,1525040
New South Wales,1915,1538526
New South Wales,1916,1395565
New South Wales,1917,1310093
New South Wales,1918,1233792
New South Wales,1919,1277207
New South Wales,1920,1172608
New South Wales,1921,1235701
New South Wales,1922,1240861
New South Wales,1923,1323498
New South Wales,1924,1409188
New South Wales,1925,1422725
New South Wales,1926,1465874
New South Wales,1927,1531768
New South Wales,1928,1536778
New South Wales,1929,1643788
New South Wales,1930,1591971
New South Wales,1931,1460528
New South Wales,1932,1429242
New South Wales,1933,1488702
New South Wales,1934,1536216
New South Wales,1935,1583400
New South Wales,1936,1624067
New South Wales,1937,1601550
New South Wales,1938,1646634
New South Wales,1939,1537682
New South Wales,1940,1326255
New South Wales,1941,1191541
New South Wales,1942,969192
New South Wales,1943,886765
New South Wales,1944,893605
New South Wales,1945,945088
New South Wales,1946,1051211
New South Wales,1947,1070299
New South Wales,1948,982125
New South Wales,1949,1038105
New South Wales,1950,1038140
New South Wales,1951,968457
New South Wales,1952,973378
New South Wales,1953,1031841
New South Wales,1954,1061376
New South Wales,1955,84371
New South Wales,1956,47862
New South Wales,1957,53185
New South Wales,1958,54142
New South Wales,1959,49455
New South Wales,1960,46668
New South Wales,1961,41125
New South Wales,1962,38346
New South Wales,1963,32555
New South Wales,1964,31295
New South Wales,1965,32430
New South Wales,1966,25210
New South Wales,1967,25004
New South Wales,1968,25977
New South Wales,1969,26024
New South Wales,1970,26126
New South Wales,1971,22676
New South Wales,1972,24809
New South Wales,1973,27374
New South Wales,1974,29183
New South Wales,1975,28709
New South Wales,1976,26209
New South Wales,1977,27383
New South Wales,1978,25366
New South Wales,1979,20279
New South Wales,1980,20461
New South Wales,1981,18134
New South Wales,1982,17650
New South Wales,1983,18149
New South Wales,1984,16582
New South Wales,1985,20361
New South Wales,1986,21047
New South Wales,1987,21578
New South Wales,1988,23329
New South Wales,1989,23139
New South Wales,1990,20219
New South Wales,1991,16745
New South Wales,1992,20432
New South Wales,1993,20752
New South Wales,1994,18776
New South Wales,1995,18715
New South Wales,1996,19415
New South Wales,1997,20029
New South Wales,1998,20079
New South Wales,1999,20620
New South Wales,2000,19063
New South Wales,2001,17195
New South Wales,2002,16979
New South Wales,2003,16226
New South Wales,2004,14970
New South Wales,2005,11822
New South Wales,2006,11751
New South Wales,2007,12452
New South Wales,2008,11964
New South Wales,2009,730
New South Wales,2010,599
New South Wales,2011,251
Northern Territory,1869,56
Northern Territory,1870,0
Northern Territory,1871,0
Northern Territory,1872,0
Northern Territory,1873,191
Northern Territory,1874,1409
Northern Territory,1875,1009
Northern Territory,1876,925
Northern Territory,1877,923
Northern Territory,1878,1270
Northern Territory,1879,1245
Northern Territory,1880,1346
Northern Territory,1881,1389
Northern Territory,1882,1560
Northern Territory,1883,2224
Northern Territory,1884,3827
Northern Territory,1885,3482
Northern Territory,1886,2920
Northern Territory,1887,3395
Northern Territory,1888,3326
Northern Territory,1889,3115
Northern Territory,1890,2396
Northern Territory,1891,2509
Northern Territory,1892,2624
Northern Territory,1893,2681
Northern Territory,1894,2623
Northern Territory,1895,2565
Northern Territory,1896,2490
Northern Territory,1897,2710
Northern Territory,1898,2759
Northern Territory,1899,3038
Northern Territory,1900,1952
Northern Territory,1901,2041
Northern Territory,1902,2136
Northern Territory,1903,1967
Northern Territory,1904,1927
Northern Territory,1905,1903
Northern Territory,1906,1707
Northern Territory,1907,2147
Northern Territory,1908,1910
Northern Territory,1909,1165
Northern Territory,1910,1161
Northern Territory,1911,1510
Northern Territory,1912,1340
Northern Territory,1913,2527
Northern Territory,1914,3497
Northern Territory,1915,3955
Northern Territory,1916,3532
Northern Territory,1917,4268
Northern Territory,1918,6320
Northern Territory,1919,6325
Northern Territory,1920,5101
Northern Territory,1921,10540
Northern Territory,1922,8064
Northern Territory,1923,7906
Northern Territory,1924,7776
Northern Territory,1925,7582
Northern Territory,1926,6829
Northern Territory,1927,9170
Northern Territory,1928,10375
Northern Territory,1929,10258
Northern Territory,1930,10320
Northern Territory,1931,11302
Northern Territory,1932,9111
Northern Territory,1933,6565
Northern Territory,1934,7336
Northern Territory,1935,7506
Northern Territory,1936,8610
Northern Territory,1937,7504
Northern Territory,1938,7260
Northern Territory,1939,8055
Northern Territory,1940,6551
Northern Territory,1941,6534
Northern Territory,1942,4634
Northern Territory,1943,9842
Northern Territory,1944,20643
Northern Territory,1945,22097
Northern Territory,1946,1942
Northern Territory,1947,6137
Northern Territory,1948,7786
Northern Territory,1949,8623
Northern Territory,1950,6936
Northern Territory,1951,7835
Northern Territory,1952,7070
Northern Territory,1953,6354
Northern Territory,1954,5569
Northern Territory,1955,413
Queensland,1846,310
Queensland,1847,624
Queensland,1848,811
Queensland,1849,700
Queensland,1850,779
Queensland,1851,740
Queensland,1852,715
Queensland,1853,822
Queensland,1854,804
Queensland,1855,895
Queensland,1856,2112
Queensland,1857,2388
Queensland,1858,4275
Queensland,1859,5078
Queensland,1860,7234
Queensland,1861,13132
Queensland,1862,17974
Queensland,1863,19610
Queensland,1864,22071
Queensland,1865,24302
Queensland,1866,28638
Queensland,1867,35223
Queensland,1868,39306
Queensland,1869,37581
Queensland,1870,40684
Queensland,1871,35728
Queensland,1872,39249
Queensland,1873,48738
Queensland,1874,49875
Queensland,1875,58421
Queensland,1876,65835
Queensland,1877,69280
Queensland,1878,75286
Queensland,1879,83611
Queensland,1880,82040
Queensland,1881,87894
Queensland,1882,92085
Queensland,1883,96933
Queensland,1884,104544
Queensland,1885,110749
Queensland,1886,133382
Queensland,1887,135707
Queensland,1888,164587
Queensland,1889,170932
Queensland,1890,183608
Queensland,1891,188634
Queensland,1892,208918
Queensland,1893,201456
Queensland,1894,203361
Queensland,1895,229623
Queensland,1896,255111
Queensland,1897,237584
Queensland,1898,241731
Queensland,1899,255350
Queensland,1900,345662
Queensland,1901,393366
Queensland,1902,394458
Queensland,1903,353541
Queensland,1904,433825
Queensland,1905,417432
Queensland,1906,383040
Queensland,1907,452133
Queensland,1908,525360
Queensland,1909,522956
Queensland,1910,556815
Queensland,1911,574993
Queensland,1912,617943
Queensland,1913,707441
Queensland,1914,710045
Queensland,1915,728883
Queensland,1916,671812
Queensland,1917,766644
Queensland,1918,723712
Queensland,1919,762080
Queensland,1920,655670
Queensland,1921,710617
Queensland,1922,755112
Queensland,1923,824529
Queensland,1924,922715
Queensland,1925,926856
Queensland,1926,946078
Queensland,1927,898360
Queensland,1928,893091
Queensland,1929,996583
Queensland,1930,1004697
Queensland,1931,957445
Queensland,1932,939221
Queensland,1933,988956
Queensland,1934,912037
Queensland,1935,916151
Queensland,1936,947178
Queensland,1937,937202
Queensland,1938,925047
Queensland,1939,902258
Queensland,1940,726869
Queensland,1941,598044
Queensland,1942,477276
Queensland,1943,374263
Queensland,1944,381628
Queensland,1945,430962
Queensland,1946,498795
Queensland,1947,518436
Queensland,1948,460833
Queensland,1949,520923
Queensland,1950,530149
Queensland,1951,514571
Queensland,1952,521166
Queensland,1953,546517
Queensland,1954,535216
Queensland,1955,30474
Queensland,1956,13089
Queensland,1957,1071
Queensland,1958,1303
Queensland,1959,1214
Queensland,1960,1276
Queensland,1961,1208
Queensland,1962,1231
Queensland,1963,1301
Queensland,1964,893
Queensland,1965,1186
Queensland,1966,1268
Queensland,1967,1514
Queensland,1968,1921
Queensland,1969,4462
Queensland,1970,5912
Queensland,1971,6980
Queensland,1972,7028
Queensland,1973,7136
Queensland,1974,8024
Queensland,1975,1871
Queensland,1976,1875
Queensland,1977,2125
Queensland,1978,2266
Queensland,1979,2215
Queensland,1980,2394
Queensland,1981,2439
Queensland,1982,2439
Queensland,1983,2852
Queensland,1984,2826
Queensland,1985,2622
Queensland,1986,2931
Queensland,1987,3117
Queensland,1988,3215
Queensland,1989,4340
Queensland,1990,1699
Queensland,1991,4134
Queensland,1992,4482
Queensland,1993,4309
Queensland,1994,4469
Queensland,1995,4446
Queensland,1996,4899
Queensland,1997,4995
Queensland,1998,4854
Queensland,1999,4207
Queensland,2000,5026
Queensland,2001,5100
Queensland,2002,4522
Queensland,2003,4561
Queensland,2004,4619
Queensland,2005,4083
Queensland,2006,4169
Queensland,2007,4104
Queensland,2008,3640
Queensland,2009,3497
Queensland,2010,3538
Queensland,2011,3394
Queensland,2012,3322
Queensland,2013,3451
Queensland,2014,3132
Queensland,2015,3223
South Australia,1836,18
South Australia,1837,125
South Australia,1838,1014
South Australia,1839,1720
South Australia,1840,3677
South Australia,1841,4455
South Australia,1842,4330
South Australia,1843,7274
South Australia,1844,7792
South Australia,1845,8819
South Australia,1846,9441
South Australia,1847,9904
South Australia,1848,9586
South Australia,1849,11453
South Australia,1850,22896
South Australia,1851,25689
South Australia,1852,15281
South Australia,1853,18582
South Australia,1854,24927
South Australia,1855,35103
South Australia,1856,33976
South Australia,1857,31327
South Australia,1858,33344
South Australia,1859,42798
South Australia,1860,42048
South Australia,1861,44559
South Australia,1862,42310
South Australia,1863,43195
South Australia,1864,51217
South Australia,1865,53339
South Australia,1866,54208
South Australia,1867,57347
South Australia,1868,58618
South Australia,1869,68043
South Australia,1870,72600
South Australia,1871,74861
South Australia,1872,76372
South Australia,1873,80468
South Australia,1874,83514
South Australia,1875,85427
South Australia,1876,87570
South Australia,1877,91784
South Australia,1878,107583
South Australia,1879,112863
South Australia,1880,123499
South Australia,1881,139649
South Australia,1882,146303
South Australia,1883,151108
South Australia,1884,165390
South Australia,1885,176017
South Australia,1886,179057
South Australia,1887,179546
South Australia,1888,177053
South Australia,1889,194574
South Australia,1890,201191
South Australia,1891,203198
South Australia,1892,204945
South Australia,1893,207806
South Australia,1894,206543
South Australia,1895,212797
South Australia,1896,216135
South Australia,1897,214765
South Australia,1898,231885
South Australia,1899,239904
South Australia,1900,244602
South Australia,1901,260594
South Australia,1902,261808
South Australia,1903,276589
South Australia,1904,263991
South Australia,1905,273985
South Australia,1906,293241
South Australia,1907,302857
South Australia,1908,319700
South Australia,1909,326504
South Australia,1910,399550
South Australia,1911,407806
South Australia,1912,436566
South Australia,1913,434596
South Australia,1914,486129
South Australia,1915,469494
South Australia,1916,446190
South Australia,1917,425089
South Australia,1918,395350
South Australia,1919,388512
South Australia,1920,376007
South Australia,1921,400974
South Australia,1922,434017
South Australia,1923,472780
South Australia,1924,467672
South Australia,1925,468747
South Australia,1926,449429
South Australia,1927,457781
South Australia,1928,499359
South Australia,1929,487243
South Australia,1930,445437
South Australia,1931,327643
South Australia,1932,313119
South Australia,1933,318172
South Australia,1934,328430
South Australia,1935,333869
South Australia,1936,346061
South Australia,1937,344455
South Australia,1938,351651
South Australia,1939,340570
South Australia,1940,312498
South Australia,1941,272239
South Australia,1942,211581
South Australia,1943,180114
South Australia,1944,182898
South Australia,1945,196479
South Australia,1946,227083
South Australia,1947,242651
South Australia,1948,225417
South Australia,1949,252210
South Australia,1950,278572
South Australia,1951,238586
South Australia,1952,251222
South Australia,1953,271802
South Australia,1954,281563
South Australia,1955,16272
South Australia,1956,13273
South Australia,1957,13160
South Australia,1958,13575
South Australia,1959,14821
South Australia,1960,16563
South Australia,1961,16307
South Australia,1962,14690
South Australia,1963,13585
South Australia,1964,14727
South Australia,1965,14357
South Australia,1966,4787
South Australia,1967,4849
South Australia,1968,4799
South Australia,1969,5111
South Australia,1970,4835
South Australia,1971,4746
South Australia,1972,4682
South Australia,1973,4761
South Australia,1974,4370
South Australia,1975,4450
South Australia,1976,3933
South Australia,1977,3873
South Australia,1978,4114
South Australia,1979,6222
South Australia,1980,7151
South Australia,1981,7098
South Australia,1982,7109
South Australia,1983,7302
South Australia,1984,8246
South Australia,1985,9773
South Australia,1986,9655
South Australia,1987,11128
South Australia,1988,12044
South Australia,1989,11985
South Australia,1990,11460
South Australia,1991,11594
South Australia,1992,26250
South Australia,1993,12973
South Australia,1994,19785
South Australia,1995,17707
South Australia,1996,8267
South Australia,1997,8768
South Australia,1998,9254
South Australia,1999,10057
Tasmania,1810,5
Tasmania,1811,0
Tasmania,1812,7
Tasmania,1813,0
Tasmania,1814,38
Tasmania,1815,0
Tasmania,1816,159
Tasmania,1817,383
Tasmania,1818,460
Tasmania,1819,435
Tasmania,1820,460
Tasmania,1821,266
Tasmania,1822,212
Tasmania,1823,199
Tasmania,1824,434
Tasmania,1825,1209
Tasmania,1826,1338
Tasmania,1827,1412
Tasmania,1828,2280
Tasmania,1829,2430
Tasmania,1830,3271
Tasmania,1831,4303
Tasmania,1832,5320
Tasmania,1833,6056
Tasmania,1834,6896
Tasmania,1835,6760
Tasmania,1836,5524
Tasmania,1837,5804
Tasmania,1838,7653
Tasmania,1839,8260
Tasmania,1840,10149
Tasmania,1841,11284
Tasmania,1842,13719
Tasmania,1843,14837
Tasmania,1844,14554
Tasmania,1845,19153
Tasmania,1846,17594
Tasmania,1847,15738
Tasmania,1848,16573
Tasmania,1849,16482
Tasmania,1850,17799
Tasmania,1851,17767
Tasmania,1852,15882
Tasmania,1853,23260
Tasmania,1854,27021
Tasmania,1855,35891
Tasmania,1856,33419
Tasmania,1857,29361
Tasmania,1858,30280
Tasmania,1859,29211
Tasmania,1860,23669
Tasmania,1861,29033
Tasmania,1862,32256
Tasmania,1863,33605
Tasmania,1864,28950
Tasmania,1865,28711
Tasmania,1866,28869
Tasmania,1867,21925
Tasmania,1868,25809
Tasmania,1869,26290
Tasmania,1870,28716
Tasmania,1871,23038
Tasmania,1872,28861
Tasmania,1873,33033
Tasmania,1874,35187
Tasmania,1875,38131
Tasmania,1876,39563
Tasmania,1877,40690
Tasmania,1878,56793
Tasmania,1879,44427
Tasmania,1880,35059
Tasmania,1881,37496
Tasmania,1882,39486
Tasmania,1883,43545
Tasmania,1884,65323
Tasmania,1885,68488
Tasmania,1886,66589
Tasmania,1887,73317
Tasmania,1888,93192
Tasmania,1889,101823
Tasmania,1890,109776
Tasmania,1891,117610
Tasmania,1892,128385
Tasmania,1893,133193
Tasmania,1894,124801
Tasmania,1895,126241
Tasmania,1896,127061
Tasmania,1897,138184
Tasmania,1898,152581
Tasmania,1899,182584
Tasmania,1900,194820
Tasmania,1901,185932
Tasmania,1902,178735
Tasmania,1903,188219
Tasmania,1904,187633
Tasmania,1905,235298
Tasmania,1906,243201
Tasmania,1907,230757
Tasmania,1908,277202
Tasmania,1909,284325
Tasmania,1910,313229
Tasmania,1911,312111
Tasmania,1912,312324
Tasmania,1913,271946
Tasmania,1914,256475
Tasmania,1915,298426
Tasmania,1916,297804
Tasmania,1917,286241
Tasmania,1918,276876
Tasmania,1919,277470
Tasmania,1920,265932
Tasmania,1921,289781
Tasmania,1922,307345
Tasmania,1923,318459
Tasmania,1924,371546
Tasmania,1925,311333
Tasmania,1926,249850
Tasmania,1927,228663
Tasmania,1928,204387
Tasmania,1929,212991
Tasmania,1930,173768
Tasmania,1931,173751
Tasmania,1932,186121
Tasmania,1933,192956
Tasmania,1934,227813
Tasmania,1935,198681
Tasmania,1936,215929
Tasmania,1937,233425
Tasmania,1938,236092
Tasmania,1939,231278
Tasmania,1940,206386
Tasmania,1941,183160
Tasmania,1942,155382
Tasmania,1943,140191
Tasmania,1944,142806
Tasmania,1945,186850
Tasmania,1946,183515
Tasmania,1947,193930
Tasmania,1948,158846
Tasmania,1949,201595
Tasmania,1950,198840
Tasmania,1951,180603
Tasmania,1952,183800
Tasmania,1953,186424
Tasmania,1954,190138
Tasmania,1955,1499
Tasmania,1956,2565
Tasmania,1957,2977
Tasmania,1958,3286
Tasmania,1959,3636
Tasmania,1960,3652
Tasmania,1961,3192
Tasmania,1962,3308
Tasmania,1963,3515
Tasmania,1964,3503
Tasmania,1965,3467
Tasmania,1966,3402
Tasmania,1967,2974
Tasmania,1968,2994
Tasmania,1969,3406
Tasmania,1970,3453
Tasmania,1971,3445
Tasmania,1972,3427
Tasmania,1973,3511
Tasmania,1974,3359
Tasmania,1975,3388
Tasmania,1976,2926
Tasmania,1977,2725
Tasmania,1978,3084
Tasmania,1979,3528
Tasmania,1980,3843
Tasmania,1981,3454
Tasmania,1982,3701
Tasmania,1983,3535
Tasmania,1984,3869
Tasmania,1985,3688
Tasmania,1986,2138
Tasmania,1987,1024
Tasmania,1988,1118
Tasmania,1989,1183
Tasmania,1990,1367
Tasmania,1991,1200
Tasmania,1992,1012
Tasmania,1993,1394
Tasmania,1994,1403
Tasmania,1995,1229
Tasmania,1996,1492
Tasmania,1997,1685
Tasmania,1998,1419
Tasmania,1999,1009
Tasmania,2000,1309
Tasmania,2001,928
Tasmania,2002,759
Tasmania,2003,779
Tasmania,2004,57
Victoria,1838,263
Victoria,1839,2091
Victoria,1840,2516
Victoria,1841,5119
Victoria,1842,5635
Victoria,1843,5400
Victoria,1844,4823
Victoria,1845,9531
Victoria,1846,11964
Victoria,1847,12400
Victoria,1848,12150
Victoria,1849,14888
Victoria,1850,18358
Victoria,1851,19008
Victoria,1852,12291
Victoria,1853,17631
Victoria,1854,25451
Victoria,1855,39551
Victoria,1856,42863
Victoria,1857,53460
Victoria,1858,57262
Victoria,1859,71196
Victoria,1860,72756
Victoria,1861,79884
Victoria,1862,84691
Victoria,1863,90812
Victoria,1864,92456
Victoria,1865,103097
Victoria,1866,101250
Victoria,1867,108848
Victoria,1868,106578
Victoria,1869,114099
Victoria,1870,128296
Victoria,1871,124516
Victoria,1872,123766
Victoria,1873,144489
Victoria,1874,139087
Victoria,1875,152908
Victoria,1876,152841
Victoria,1877,163983
Victoria,1878,178163
Victoria,1879,187150
Victoria,1880,195186
Victoria,1881,202471
Victoria,1882,264651
Victoria,1883,272137
Victoria,1884,280467
Victoria,1885,261114
Victoria,1886,289010
Victoria,1887,325096
Victoria,1888,332213
Victoria,1889,333705
Victoria,1890,357435
Victoria,1891,384035
Victoria,1892,380004
Victoria,1893,384413
Victoria,1894,395494
Victoria,1895,410599
Victoria,1896,405334
Victoria,1897,412457
Victoria,1898,446306
Victoria,1899,473553
Victoria,1900,497163
Victoria,1901,531912
Victoria,1902,557554
Victoria,1903,567797
Victoria,1904,586401
Victoria,1905,597045
Victoria,1906,608555
Victoria,1907,634333
Victoria,1908,654695
Victoria,1909,666265
Victoria,1910,714062
Victoria,1911,675606
Victoria,1912,715749
Victoria,1913,698235
Victoria,1914,1269425
Victoria,1915,1333591
Victoria,1916,1201181
Victoria,1917,1117478
Victoria,1918,1061816
Victoria,1919,454670
Victoria,1920,438350
Victoria,1921,457076
Victoria,1922,491326
Victoria,1923,520482
Victoria,1924,560126
Victoria,1925,543229
Victoria,1926,536925
Victoria,1927,558764
Victoria,1928,580508
Victoria,1929,554121
Victoria,1930,541072
Victoria,1931,501894
Victoria,1932,501256
Victoria,1933,541388
Victoria,1934,601179
Victoria,1935,612682
Victoria,1936,615226
Victoria,1937,599201
Victoria,1938,552328
Victoria,1939,524748
Victoria,1940,437668
Victoria,1941,379850
Victoria,1942,291925
Victoria,1943,254047
Victoria,1944,273761
Victoria,1945,288460
Victoria,1946,360552
Victoria,1947,365016
Victoria,1948,298981
Victoria,1949,372752
Victoria,1950,380194
Victoria,1951,346590
Victoria,1952,352813
Victoria,1953,369074
Victoria,1954,383741
Victoria,1955,92598
Victoria,1956,84842
Victoria,1957,24127
Victoria,1958,21161
Victoria,1959,21224
Victoria,1960,19817
Victoria,1961,20171
Victoria,1962,20218
Victoria,1963,19668
Victoria,1964,20535
Victoria,1965,25211
Victoria,1966,24485
Victoria,1967,20357
Victoria,1968,17906
Victoria,1969,13910
Victoria,1970,11332
Victoria,1971,11603
Victoria,1972,13939
Victoria,1973,11095
Victoria,1974,11880
Victoria,1975,12033
Victoria,1976,13685
Victoria,1977,11617
Victoria,1978,11187
Victoria,1979,13105
Victoria,1980,13621
Victoria,1981,13744
Victoria,1982,13742
Victoria,1983,15017
Victoria,1984,14555
Victoria,1985,15085
Victoria,1986,15495
Victoria,1987,14992
Victoria,1988,13151
Victoria,1989,16154
Victoria,1990,14940
Victoria,1991,11613
Victoria,1992,15785
Victoria,1993,16023
Victoria,1994,15945
Victoria,1995,15224
Victoria,1996,11298
Victoria,1997,12783
Victoria,1998,19673
Victoria,1999,29598
Victoria,2000,18028
Victoria,2001,17500
Victoria,2002,17802
Victoria,2003,0
Victoria,2004,0
Victoria,2005,0
Victoria,2006,0
Victoria,2007,429
Western Australia,1833,567
Western Australia,1834,597
Western Australia,1835,512
Western Australia,1836,555
Western Australia,1837,743
Western Australia,1838,458
Western Australia,1839,442
Western Australia,1840,656
Western Australia,1841,1292
Western Australia,1842,1297
Western Australia,1843,1284
Western Australia,1844,1244
Western Australia,1845,1257
Western Australia,1846,1363
Western Australia,1847,1317
Western Australia,1848,1458
Western Australia,1849,1464
Western Australia,1850,1769
Western Australia,1851,1716
Western Australia,1852,1936
Western Australia,1853,1554
Western Australia,1854,1853
Western Australia,1855,2203
Western Australia,1856,2116
Western Australia,1857,1775
Western Australia,1858,1591
Western Australia,1859,1659
Western Australia,1860,1766
Western Australia,1861,1649
Western Australia,1862,1409
Western Australia,1863,1708
Western Australia,1864,2285
Western Australia,1865,1785
Western Australia,1866,1710
Western Australia,1867,3096
Western Australia,1868,3268
Western Australia,1869,3174
Western Australia,1870,6481
Western Australia,1871,3549
Western Australia,1872,4068
Western Australia,1873,3632
Western Australia,1874,3279
Western Australia,1875,4328
Western Australia,1876,4006
Western Australia,1877,4756
Western Australia,1878,6104
Western Australia,1879,6524
Western Australia,1880,7254
Western Australia,1881,8113
Western Australia,1882,9349
Western Australia,1883,12045
Western Australia,1884,13052
Western Australia,1885,24027
Western Australia,1886,27988
Western Australia,1887,29773
Western Australia,1888,42846
Western Australia,1889,46806
Western Australia,1890,50248
Western Australia,1891,56284
Western Australia,1892,65247
Western Australia,1893,74615
Western Australia,1894,87362
Western Australia,1895,114202
Western Australia,1896,184576
Western Australia,1897,309531
Western Australia,1898,359283
Western Australia,1899,298060
Western Australia,1900,325136
Western Australia,1901,280632
Western Australia,1902,280686
Western Australia,1903,326609
Western Australia,1904,356832
Western Australia,1905,405295
Western Australia,1906,406204
Western Australia,1907,405442
Western Australia,1908,415766
Western Australia,1909,410552
Western Australia,1910,401784
Western Australia,1911,398165
Western Australia,1912,378510
Western Australia,1913,390058
Western Australia,1914,407912
Western Australia,1915,384084
Western Australia,1916,335727
Western Australia,1917,333593
Western Australia,1918,323317
Western Australia,1919,333592
Western Australia,1920,341594
Western Australia,1921,335156
Western Australia,1922,334975
Western Australia,1923,375013
Western Australia,1924,397281
Western Australia,1925,411930
Western Australia,1926,415348
Western Australia,1927,450184
Western Australia,1928,502661
Western Australia,1929,548285
Western Australia,1930,539058
Western Australia,1931,507592
Western Australia,1932,533276
Western Australia,1933,549347
Western Australia,1934,572565
Western Australia,1935,629069
Western Australia,1936,630742
Western Australia,1937,642583
Western Australia,1938,602778
Western Australia,1939,563606
Western Australia,1940,458216
Western Australia,1941,436210
Western Australia,1942,341333
Western Australia,1943,305075
Western Australia,1944,306215
Western Australia,1945,327849
Western Australia,1946,422693
Western Australia,1947,451736
Western Australia,1948,476174
Western Australia,1949,479275
Western Australia,1950,391577
Western Australia,1951,355251
Western Australia,1952,373587
Western Australia,1953,405368
Western Australia,1954,394363
Western Australia,1955,93538
Western Australia,1956,19053
Western Australia,1957,9789
Western Australia,1958,7641
Western Australia,1959,5701
Western Australia,1960,4409
Western Australia,1961,3077
Western Australia,1962,4139
Western Australia,1963,8225
Western Australia,1964,4142
Western Australia,1965,2726
Western Australia,1966,2753
Western Australia,1967,2582
Western Australia,1968,2740
Western Australia,1969,2862
Western Australia,1970,3159
Western Australia,1971,3271
Western Australia,1972,3317
Western Australia,1973,4138
Western Australia,1974,4079
Western Australia,1975,3634
Western Australia,1976,3432
Western Australia,1977,3136
Western Australia,1978,2674
Western Australia,1979,2940
Western Australia,1980,843
Western Australia,1981,357
Western Australia,1982,592
Western Australia,1983,595
Western Australia,1984,586
Western Australia,1985,279
Western Australia,1986,113
Western Australia,1987,84
Western Australia,1988,93
Western Australia,1989,24
Western Australia,1990,535
Western Australia,1991,803
Western Australia,1992,926
Western Australia,1993,826
Western Australia,1994,660
Western Australia,1995,628
Western Australia,1996,205
